Workbook

Sheet Sprint Plan
A1: FunnelStream Sprint Plan, 4-13 October 2026 (5 members)
A2: Status as of Thursday 8 October 2026. Dates of Done tasks are actual (commit history); dates of open tasks are planned.
A3: ID | B3: Task | C3: Owner | D3: Start | E3: End | F3: Days | G3: Hours | H3: Depends on | I3: Type | J3: Notes | K3: Status
A4: T1 | B4: Scaffold repo, Python env, Docker Compose stack | C4: Member 1 | D4: 46299 | E4: 46299 | F4: =E4-D4+1 | G4: 6 | H4: - | I4: Build | J4: Compose memory limits | K4: Done
A5: T1c | B5: Remove MinIO from stack; local Delta plus Databricks hybrid | C5: Member 1 | D5: 46299 | E5: 46299 | F5: =E5-D5+1 | G5: 1 | H5: T1 | I5: Build | J5: Amendment A | K5: Done
A6: T1d | B6: Kafka host listeners, Airflow deps and mounts, env names | C6: Member 1 | D6: 46299 | E6: 46299 | F6: =E6-D6+1 | G6: 2 | H6: T1c | I6: Build | J6: Amendment B | K6: Done
A7: T0 | B7: Databricks workspace, SQL warehouse, token, one upload test | C7: Member 4 | D7: 46300 | E7: 46300 | F7: =E7-D7+1 | G7: 3 | H7: - | I7: Setup | J7: Human step. Token goes in .env only | K7: Done
A8: T2 | B8: Event contracts and validator | C8: Member 2 | D8: 46299 | E8: 46299 | F8: =E8-D8+1 | G8: 4 | H8: - | I8: Build | J8: Hardened in T6b | K8: Done
A9: T3 | B9: Simulator: customer journeys (funnel, UTM) | C9: Member 1 | D9: 46299 | E9: 46299 | F9: =E9-D9+1 | G9: 8 | H9: T1 | I9: Build | J9: 64-bit ids | K9: Done
A10: T4 | B10: Simulator: orders and delivery lifecycle | C10: Member 1 | D10: 46299 | E10: 46299 | F10: =E10-D10+1 | G10: 8 | H10: T3 | I10: Build | J10: Status rank | K10: Done
A11: T5 | B11: Mock ad API and campaign dataset | C11: Member 4 | D11: 46299 | E11: 46299 | F11: =E11-D11+1 | G11: 4 | H11: T1 | I11: Build | J11: 400 handling, tz | K11: Done
A12: T6 | B12: Kafka topics, idempotent publisher, runner | C12: Member 2 | D12: 46299 | E12: 46299 | F12: =E12-D12+1 | G12: 6 | H12: T2, T4 | I12: Build | J12: History and live modes | K12: Done
A13: T6b | B13: Noise injection and handling primitives | C13: Member 5 | D13: 46299 | E13: 46299 | F13: =E13-D13+1 | G13: 12 | H13: T6 | I13: Build | J13: Noise kinds with manifest counts (19 after D1) | K13: Done
A14: T7 | B14: Spark session and Bronze ingest (3 tables, local Delta) | C14: Member 2 | D14: 46299 | E14: 46299 | F14: =E14-D14+1 | G14: 6 | H14: T6, T1d | I14: Build | J14: Spark runs in Docker (no winutils) | K14: Done
A15: T8 | B15: Silver: validate, dedup, flatten, quarantine, orders | C15: Member 2 | D15: 46299 | E15: 46299 | F15: =E15-D15+1 | G15: 12 | H15: T7, T6b | I15: Build | J15: Highest-risk Spark task; partitioned by event_date | K15: Done
... A43: M3 | B43: Rehearsal, final deck and PDF check | C43: All | D43: 46307 | E43: 46307 | F43: =E43-D43+1 | G43: 0 | H43: M2, DOC | I43: Milestone | J43: Share links from Share menu | K43: To do
A44: M4 | B44: Defense | C44: All | D44: 46308 | E44: 46308 | F44: =E44-D44+1 | G44: 0 | H44: M3 | I44: Milestone | K44: To do
A46: Assumptions
A47: 1. | B47: Productive hours per member per day: 6 (blue input on Team Load sheet).
A48: 2. | B48: Hours are focused build time, not calendar time. Hours of Done tasks are the original estimates, not measured time. Integration and milestone rows (owner All) carry no hours and are excluded from Team Load.
A49: 3. | B49: Blue text = inputs you can change. Black = formulas.
A50: 4. | B50: T19 is stretch: drop it first. Cut order after that: rec_product and customer_360, the SQL checks beyond the five key ones, Power BI pages beyond Campaign and Funnel. Never cut: attribution (T13), campaign summaries (T12), Grafana (G2) and the failure demo (G3).
A51: 5. | B51: Spark runs in Docker (Python 3.11 and Java 17 are inside the image); the host needs Python 3.11 only. Status column is an input (blue): Done, In progress, To do.
A52: 6. | B52: T0 was a human step: Databricks workspace, SQL warehouse and token. The token stays in .env only.
A53: 7. | B53: Decision date 10 Oct: batch entry point is a Python script (T15). The Airflow DAG exists for the daily ad report only.
A54: 8. | B54: Tasks C1-C4, AD, D1, D2, DEMO, G1, G2 were added after the 4 Oct plan (external review, address and tracking URL, live monitoring).

Sheet Team Load
A1: Team load per member
H2: Productive hours per day | I2: 6
A3: Member | B3: Tasks | C3: Hours assigned | D3: Capacity (hours) | E3: Load % | F3: Status | H3: Working days (4-12 Oct) | I3: 9
A4: Member 1 | B4: =COUNTIF('Sprint Plan'!$C$4:$C$44,A4) | C4: =SUMIF('Sprint Plan'!$C$4:$C$44,A4,'Sprint Plan'!$G$4:$G$44) | D4: =$I$2*$I$3 | E4: =C4/D4 | F4: =IF(E4>1,"Over capacity",IF(E4>0.8,"Tight","OK"))
A5: Member 2 | B5: =COUNTIF('Sprint Plan'!$C$4:$C$44,A5) | C5: =SUMIF('Sprint Plan'!$C$4:$C$44,A5,'Sprint Plan'!$G$4:$G$44) | D5: =$I$2*$I$3 | E5: =C5/D5 | F5: =IF(E5>1,"Over capacity",IF(E5>0.8,"Tight","OK")) | H5: Progress (all rows of Sprint Plan)
A6: Member 3 | B6: =COUNTIF('Sprint Plan'!$C$4:$C$44,A6) | C6: =SUMIF('Sprint Plan'!$C$4:$C$44,A6,'Sprint Plan'!$G$4:$G$44) | D6: =$I$2*$I$3 | E6: =C6/D6 | F6: =IF(E6>1,"Over capacity",IF(E6>0.8,"Tight","OK")) | H6: Tasks Done | I6: =COUNTIF('Sprint Plan'!$K$4:$K$44,"Done")
A7: Member 4 | B7: =COUNTIF('Sprint Plan'!$C$4:$C$44,A7) | C7: =SUMIF('Sprint Plan'!$C$4:$C$44,A7,'Sprint Plan'!$G$4:$G$44) | D7: =$I$2*$I$3 | E7: =C7/D7 | F7: =IF(E7>1,"Over capacity",IF(E7>0.8,"Tight","OK")) | H7: Tasks In progress | I7: =COUNTIF('Sprint Plan'!$K$4:$K$44,"In progress")
A8: Member 5 | B8: =COUNTIF('Sprint Plan'!$C$4:$C$44,A8) | C8: =SUMIF('Sprint Plan'!$C$4:$C$44,A8,'Sprint Plan'!$G$4:$G$44) | D8: =$I$2*$I$3 | E8: =C8/D8 | F8: =IF(E8>1,"Over capacity",IF(E8>0.8,"Tight","OK")) | H8: Tasks To do | I8: =COUNTIF('Sprint Plan'!$K$4:$K$44,"To do")
A9: Team total | B9: =SUM(B4:B8) | C9: =SUM(C4:C8) | H9: Hours Done | I9: =SUMIF('Sprint Plan'!$K$4:$K$44,"Done",'Sprint Plan'!$G$4:$G$44)
H10: Hours total | I10: =SUM('Sprint Plan'!$G$4:$G$44)
H11: Hours Done % | I11: =I8/I9

Sheet Gantt
A1: Timeline: coloured cells show each task's days (yellow = milestones)
A3: ID | B3: Task | C3: Owner | D3: 46299 | E3: 46300 | F3: 46301 | G3: 46302 | H3: 46303 | I3: 46304 | J3: 46305 | K3: 46306 | L3: 46307 | M3: 46308
A4: ='Sprint Plan'!A4 | B4: ='Sprint Plan'!B4 | C4: ='Sprint Plan'!C4 | D4: =IF(AND(D$3>='Sprint Plan'!$D4,D$3<='Sprint Plan'!$E4),1,"") | E4: =IF(AND(E$3>='Sprint Plan'!$D4,E$3<='Sprint Plan'!$E4),1,"") | F4: =IF(AND(F$3>='Sprint Plan'!$D4,F$3<='Sprint Plan'!$E4),1,"") | G4: =IF(AND(G$3>='Sprint Plan'!$D4,G$3<='Sprint Plan'!$E4),1,"") | H4: =IF(AND(H$3>='Sprint Plan'!$D4,H$3<='Sprint Plan'!$E4),1,"") | I4: =IF(AND(I$3>='Sprint Plan'!$D4,I$3<='Sprint Plan'!$E4),1,"") | J4: =IF(AND(J$3>='Sprint Plan'!$D4,J$3<='Sprint Plan'!$E4),1,"") | K4: =IF(AND(K$3>='Sprint Plan'!$D4,K$3<='Sprint Plan'!$E4),1,"") | ... M4: =IF(AND(M$3>='Sprint Plan'!$D4,M$3<='Sprint Plan'!$E4),1,"")
A5: ='Sprint Plan'!A5 | B5: ='Sprint Plan'!B5 | C5: ='Sprint Plan'!C5 | D5: =IF(AND(D$3>='Sprint Plan'!$D5,D$3<='Sprint Plan'!$E5),1,"") | E5: =IF(AND(E$3>='Sprint Plan'!$D5,E$3<='Sprint Plan'!$E5),1,"") | F5: =IF(AND(F$3>='Sprint Plan'!$D5,F$3<='Sprint Plan'!$E5),1,"") | G5: =IF(AND(G$3>='Sprint Plan'!$D5,G$3<='Sprint Plan'!$E5),1,"") | H5: =IF(AND(H$3>='Sprint Plan'!$D5,H$3<='Sprint Plan'!$E5),1,"") | I5: =IF(AND(I$3>='Sprint Plan'!$D5,I$3<='Sprint Plan'!$E5),1,"") | J5: =IF(AND(J$3>='Sprint Plan'!$D5,J$3<='Sprint Plan'!$E5),1,"") | K5: =IF(AND(K$3>='Sprint Plan'!$D5,K$3<='Sprint Plan'!$E5),1,"") | ... M5: =IF(AND(M$3>='Sprint Plan'!$D5,M$3<='Sprint Plan'!$E5),1,"")
A6: ='Sprint Plan'!A6 | B6: ='Sprint Plan'!B6 | C6: ='Sprint Plan'!C6 | D6: =IF(AND(D$3>='Sprint Plan'!$D6,D$3<='Sprint Plan'!$E6),1,"") | E6: =IF(AND(E$3>='Sprint Plan'!$D6,E$3<='Sprint Plan'!$E6),1,"") | F6: =IF(AND(F$3>='Sprint Plan'!$D6,F$3<='Sprint Plan'!$E6),1,"") | G6: =IF(AND(G$3>='Sprint Plan'!$D6,G$3<='Sprint Plan'!$E6),1,"") | H6: =IF(AND(H$3>='Sprint Plan'!$D6,H$3<='Sprint Plan'!$E6),1,"") | I6: =IF(AND(I$3>='Sprint Plan'!$D6,I$3<='Sprint Plan'!$E6),1,"") | J6: =IF(AND(J$3>='Sprint Plan'!$D6,J$3<='Sprint Plan'!$E6),1,"") | K6: =IF(AND(K$3>='Sprint Plan'!$D6,K$3<='Sprint Plan'!$E6),1,"") | ... M6: =IF(AND(M$3>='Sprint Plan'!$D6,M$3<='Sprint Plan'!$E6),1,"")
A7: ='Sprint Plan'!A7 | B7: ='Sprint Plan'!B7 | C7: ='Sprint Plan'!C7 | D7: =IF(AND(D$3>='Sprint Plan'!$D7,D$3<='Sprint Plan'!$E7),1,"") | E7: =IF(AND(E$3>='Sprint Plan'!$D7,E$3<='Sprint Plan'!$E7),1,"") | F7: =IF(AND(F$3>='Sprint Plan'!$D7,F$3<='Sprint Plan'!$E7),1,"") | G7: =IF(AND(G$3>='Sprint Plan'!$D7,G$3<='Sprint Plan'!$E7),1,"") | H7: =IF(AND(H$3>='Sprint Plan'!$D7,H$3<='Sprint Plan'!$E7),1,"") | I7: =IF(AND(I$3>='Sprint Plan'!$D7,I$3<='Sprint Plan'!$E7),1,"") | J7: =IF(AND(J$3>='Sprint Plan'!$D7,J$3<='Sprint Plan'!$E7),1,"") | K7: =IF(AND(K$3>='Sprint Plan'!$D7,K$3<='Sprint Plan'!$E7),1,"") | ... M7: =IF(AND(M$3>='Sprint Plan'!$D7,M$3<='Sprint Plan'!$E7),1,"")
A8: ='Sprint Plan'!A8 | B8: ='Sprint Plan'!B8 | C8: ='Sprint Plan'!C8 | D8: =IF(AND(D$3>='Sprint Plan'!$D8,D$3<='Sprint Plan'!$E8),1,"") | E8: =IF(AND(E$3>='Sprint Plan'!$D8,E$3<='Sprint Plan'!$E8),1,"") | F8: =IF(AND(F$3>='Sprint Plan'!$D8,F$3<='Sprint Plan'!$E8),1,"") | G8: =IF(AND(G$3>='Sprint Plan'!$D8,G$3<='Sprint Plan'!$E8),1,"") | H8: =IF(AND(H$3>='Sprint Plan'!$D8,H$3<='Sprint Plan'!$E8),1,"") | I8: =IF(AND(I$3>='Sprint Plan'!$D8,I$3<='Sprint Plan'!$E8),1,"") | J8: =IF(AND(J$3>='Sprint Plan'!$D8,J$3<='Sprint Plan'!$E8),1,"") | K8: =IF(AND(K$3>='Sprint Plan'!$D8,K$3<='Sprint Plan'!$E8),1,"") | ... M8: =IF(AND(M$3>='Sprint Plan'!$D8,M$3<='Sprint Plan'!$E8),1,"")
A9: ='Sprint Plan'!A9 | B9: ='Sprint Plan'!B9 | C9: ='Sprint Plan'!C9 | D9: =IF(AND(D$3>='Sprint Plan'!$D9,D$3<='Sprint Plan'!$E9),1,"") | E9: =IF(AND(E$3>='Sprint Plan'!$D9,E$3<='Sprint Plan'!$E9),1,"") | F9: =IF(AND(F$3>='Sprint Plan'!$D9,F$3<='Sprint Plan'!$E9),1,"") | G9: =IF(AND(G$3>='Sprint Plan'!$D9,G$3<='Sprint Plan'!$E9),1,"") | H9: =IF(AND(H$3>='Sprint Plan'!$D9,H$3<='Sprint Plan'!$E9),1,"") | I9: =IF(AND(I$3>='Sprint Plan'!$D9,I$3<='Sprint Plan'!$E9),1,"") | J9: =IF(AND(J$3>='Sprint Plan'!$D9,J$3<='Sprint Plan'!$E9),1,"") | K9: =IF(AND(K$3>='Sprint Plan'!$D9,K$3<='Sprint Plan'!$E9),1,"") | ... M9: =IF(AND(M$3>='Sprint Plan'!$D9,M$3<='Sprint Plan'!$E9),1,"")
A10: ='Sprint Plan'!A10 | B10: ='Sprint Plan'!B10 | C10: ='Sprint Plan'!C10 | D10: =IF(AND(D$3>='Sprint Plan'!$D10,D$3<='Sprint Plan'!$E10),1,"") | E10: =IF(AND(E$3>='Sprint Plan'!$D10,E$3<='Sprint Plan'!$E10),1,"") | F10: =IF(AND(F$3>='Sprint Plan'!$D10,F$3<='Sprint Plan'!$E10),1,"") | G10: =IF(AND(G$3>='Sprint Plan'!$D10,G$3<='Sprint Plan'!$E10),1,"") | H10: =IF(AND(H$3>='Sprint Plan'!$D10,H$3<='Sprint Plan'!$E10),1,"") | I10: =IF(AND(I$3>='Sprint Plan'!$D10,I$3<='Sprint Plan'!$E10),1,"") | J10: =IF(AND(J$3>='Sprint Plan'!$D10,J$3<='Sprint Plan'!$E10),1,"") | K10: =IF(AND(K$3>='Sprint Plan'!$D10,K$3<='Sprint Plan'!$E10),1,"") | ... M10: =IF(AND(M$3>='Sprint Plan'!$D10,M$3<='Sprint Plan'!$E10),1,"")
A11: ='Sprint Plan'!A11 | B11: ='Sprint Plan'!B11 | C11: ='Sprint Plan'!C11 | D11: =IF(AND(D$3>='Sprint Plan'!$D11,D$3<='Sprint Plan'!$E11),1,"") | E11: =IF(AND(E$3>='Sprint Plan'!$D11,E$3<='Sprint Plan'!$E11),1,"") | F11: =IF(AND(F$3>='Sprint Plan'!$D11,F$3<='Sprint Plan'!$E11),1,"") | G11: =IF(AND(G$3>='Sprint Plan'!$D11,G$3<='Sprint Plan'!$E11),1,"") | H11: =IF(AND(H$3>='Sprint Plan'!$D11,H$3<='Sprint Plan'!$E11),1,"") | I11: =IF(AND(I$3>='Sprint Plan'!$D11,I$3<='Sprint Plan'!$E11),1,"") | J11: =IF(AND(J$3>='Sprint Plan'!$D11,J$3<='Sprint Plan'!$E11),1,"") | K11: =IF(AND(K$3>='Sprint Plan'!$D11,K$3<='Sprint Plan'!$E11),1,"") | ... M11: =IF(AND(M$3>='Sprint Plan'!$D11,M$3<='Sprint Plan'!$E11),1,"")
A12: ='Sprint Plan'!A12 | B12: ='Sprint Plan'!B12 | C12: ='Sprint Plan'!C12 | D12: =IF(AND(D$3>='Sprint Plan'!$D12,D$3<='Sprint Plan'!$E12),1,"") | E12: =IF(AND(E$3>='Sprint Plan'!$D12,E$3<='Sprint Plan'!$E12),1,"") | F12: =IF(AND(F$3>='Sprint Plan'!$D12,F$3<='Sprint Plan'!$E12),1,"") | G12: =IF(AND(G$3>='Sprint Plan'!$D12,G$3<='Sprint Plan'!$E12),1,"") | H12: =IF(AND(H$3>='Sprint Plan'!$D12,H$3<='Sprint Plan'!$E12),1,"") | I12: =IF(AND(I$3>='Sprint Plan'!$D12,I$3<='Sprint Plan'!$E12),1,"") | J12: =IF(AND(J$3>='Sprint Plan'!$D12,J$3<='Sprint Plan'!$E12),1,"") | K12: =IF(AND(K$3>='Sprint Plan'!$D12,K$3<='Sprint Plan'!$E12),1,"") | ... M12: =IF(AND(M$3>='Sprint Plan'!$D12,M$3<='Sprint Plan'!$E12),1,"")
A13: ='Sprint Plan'!A13 | B13: ='Sprint Plan'!B13 | C13: ='Sprint Plan'!C13 | D13: =IF(AND(D$3>='Sprint Plan'!$D13,D$3<='Sprint Plan'!$E13),1,"") | E13: =IF(AND(E$3>='Sprint Plan'!$D13,E$3<='Sprint Plan'!$E13),1,"") | F13: =IF(AND(F$3>='Sprint Plan'!$D13,F$3<='Sprint Plan'!$E13),1,"") | G13: =IF(AND(G$3>='Sprint Plan'!$D13,G$3<='Sprint Plan'!$E13),1,"") | H13: =IF(AND(H$3>='Sprint Plan'!$D13,H$3<='Sprint Plan'!$E13),1,"") | I13: =IF(AND(I$3>='Sprint Plan'!$D13,I$3<='Sprint Plan'!$E13),1,"") | J13: =IF(AND(J$3>='Sprint Plan'!$D13,J$3<='Sprint Plan'!$E13),1,"") | K13: =IF(AND(K$3>='Sprint Plan'!$D13,K$3<='Sprint Plan'!$E13),1,"") | ... M13: =IF(AND(M$3>='Sprint Plan'!$D13,M$3<='Sprint Plan'!$E13),1,"")
A14: ='Sprint Plan'!A14 | B14: ='Sprint Plan'!B14 | C14: ='Sprint Plan'!C14 | D14: =IF(AND(D$3>='Sprint Plan'!$D14,D$3<='Sprint Plan'!$E14),1,"") | E14: =IF(AND(E$3>='Sprint Plan'!$D14,E$3<='Sprint Plan'!$E14),1,"") | F14: =IF(AND(F$3>='Sprint Plan'!$D14,F$3<='Sprint Plan'!$E14),1,"") | G14: =IF(AND(G$3>='Sprint Plan'!$D14,G$3<='Sprint Plan'!$E14),1,"") | H14: =IF(AND(H$3>='Sprint Plan'!$D14,H$3<='Sprint Plan'!$E14),1,"") | I14: =IF(AND(I$3>='Sprint Plan'!$D14,I$3<='Sprint Plan'!$E14),1,"") | J14: =IF(AND(J$3>='Sprint Plan'!$D14,J$3<='Sprint Plan'!$E14),1,"") | K14: =IF(AND(K$3>='Sprint Plan'!$D14,K$3<='Sprint Plan'!$E14),1,"") | ... M14: =IF(AND(M$3>='Sprint Plan'!$D14,M$3<='Sprint Plan'!$E14),1,"")
A15: ='Sprint Plan'!A15 | B15: ='Sprint Plan'!B15 | C15: ='Sprint Plan'!C15 | D15: =IF(AND(D$3>='Sprint Plan'!$D15,D$3<='Sprint Plan'!$E15),1,"") | E15: =IF(AND(E$3>='Sprint Plan'!$D15,E$3<='Sprint Plan'!$E15),1,"") | F15: =IF(AND(F$3>='Sprint Plan'!$D15,F$3<='Sprint Plan'!$E15),1,"") | G15: =IF(AND(G$3>='Sprint Plan'!$D15,G$3<='Sprint Plan'!$E15),1,"") | H15: =IF(AND(H$3>='Sprint Plan'!$D15,H$3<='Sprint Plan'!$E15),1,"") | I15: =IF(AND(I$3>='Sprint Plan'!$D15,I$3<='Sprint Plan'!$E15),1,"") | J15: =IF(AND(J$3>='Sprint Plan'!$D15,J$3<='Sprint Plan'!$E15),1,"") | K15: =IF(AND(K$3>='Sprint Plan'!$D15,K$3<='Sprint Plan'!$E15),1,"") | ... M15: =IF(AND(M$3>='Sprint Plan'!$D15,M$3<='Sprint Plan'!$E15),1,"")
... A44: ='Sprint Plan'!A44 | B44: ='Sprint Plan'!B44 | C44: ='Sprint Plan'!C44 | D44: =IF(AND(D$3>='Sprint Plan'!$D44,D$3<='Sprint Plan'!$E44),1,"") | E44: =IF(AND(E$3>='Sprint Plan'!$D44,E$3<='Sprint Plan'!$E44),1,"") | F44: =IF(AND(F$3>='Sprint Plan'!$D44,F$3<='Sprint Plan'!$E44),1,"") | G44: =IF(AND(G$3>='Sprint Plan'!$D44,G$3<='Sprint Plan'!$E44),1,"") | H44: =IF(AND(H$3>='Sprint Plan'!$D44,H$3<='Sprint Plan'!$E44),1,"") | I44: =IF(AND(I$3>='Sprint Plan'!$D44,I$3<='Sprint Plan'!$E44),1,"") | J44: =IF(AND(J$3>='Sprint Plan'!$D44,J$3<='Sprint Plan'!$E44),1,"") | K44: =IF(AND(K$3>='Sprint Plan'!$D44,K$3<='Sprint Plan'!$E44),1,"") | ... M44: =IF(AND(M$3>='Sprint Plan'!$D44,M$3<='Sprint Plan'!$E44),1,"")
